/*M!999999\- enable the sandbox mode */ 
-- MariaDB dump 10.19  Distrib 10.5.28-MariaDB, for debian-linux-gnu (x86_64)
--
-- Host: 127.0.0.1    Database: employee
-- ------------------------------------------------------
-- Server version	8.4.5

/*!40101 SET @OLD_CHARACTER_SET_CLIENT=@@CHARACTER_SET_CLIENT */;
/*!40101 SET @OLD_CHARACTER_SET_RESULTS=@@CHARACTER_SET_RESULTS */;
/*!40101 SET @OLD_COLLATION_CONNECTION=@@COLLATION_CONNECTION */;
/*!40101 SET NAMES utf8mb4 */;
/*!40103 SET @OLD_TIME_ZONE=@@TIME_ZONE */;
/*!40103 SET TIME_ZONE='+00:00' */;
/*!40014 SET @OLD_UNIQUE_CHECKS=@@UNIQUE_CHECKS, UNIQUE_CHECKS=0 */;
/*!40014 SET @OLD_FOREIGN_KEY_CHECKS=@@FOREIGN_KEY_CHECKS, FOREIGN_KEY_CHECKS=0 */;
/*!40101 SET @OLD_SQL_MODE=@@SQL_MODE, SQL_MODE='NO_AUTO_VALUE_ON_ZERO' */;
/*!40111 SET @OLD_SQL_NOTES=@@SQL_NOTES, SQL_NOTES=0 */;

--
-- Table structure for table `data_science_team`
--

DROP TABLE IF EXISTS `data_science_team`;
/*!40101 SET @saved_cs_client     = @@character_set_client */;
/*!40101 SET character_set_client = utf8mb4 */;
CREATE TABLE `data_science_team` (
  `EMP_ID` VARCHAR(25) NOT NULL,
  `FIRST_NAME` text,
  `LAST_NAME` text,
  `GENDER` text,
  `ROLE` text,
  `DEPT` text,
  `EXP` int DEFAULT NULL,
  `COUNTRY` text,
  `CONTINENT` text,
  PRIMARY KEY (`EMP_ID`)
) ENGINE=InnoDB DEFAULT CHARSET=utf8mb4 COLLATE=utf8mb4_0900_ai_ci;
/*!40101 SET character_set_client = @saved_cs_client */;

--
-- Dumping data for table `data_science_team`
--

LOCK TABLES `data_science_team` WRITE;
/*!40000 ALTER TABLE `data_science_team` DISABLE KEYS */;
INSERT INTO `data_science_team` VALUES ('E005','Eric','Hoffman','M','LEAD DATA SCIENTIST','FINANCE',11,'USA','NORTH AMERICA'),('E010','William','Butler','M','LEAD DATA SCIENTIST','AUTOMOTIVE',12,'FRANCE','EUROPE'),('E052','Dianna','Wilson','F','SENIOR DATA SCIENTIST','HEALTHCARE',6,'CANADA','NORTH AMERICA'),('E057','Dorothy','Wilson','F','SENIOR DATA SCIENTIST','HEALTHCARE',9,'USA','NORTH AMERICA'),('E204','Karene','Nowak','F','SENIOR DATA SCIENTIST','AUTOMOTIVE',8,'GERMANY','EUROPE'),('E245','Nian','Zhen','M','SENIOR DATA SCIENTIST','RETAIL',6,'CHINA','ASIA'),('E260','Roy','Collins','M','SENIOR DATA SCIENTIST','RETAIL',7,'INDIA','ASIA'),('E403','Steve','Hoffman','M','ASSOCIATE DATA SCIENTIST','FINANCE',4,'USA','NORTH AMERICA'),('E478','David','Smith','M','ASSOCIATE DATA SCIENTIST','RETAIL',3,'COLOMBIA','SOUTH AMERICA'),('E505','Chad','Wilson','M','ASSOCIATE DATA SCIENTIST','HEALTHCARE',5,'CANADA','NORTH AMERICA'),('E532','Claire','Brennan','F','ASSOCIATE DATA SCIENTIST','AUTOMOTIVE',3,'GERMANY','EUROPE'),('E620','Katrina','Allen','F','JUNIOR DATA SCIENTIST','RETAIL',2,'INDIA','ASIA'),('E640','Jenifer','Jhones','F','JUNIOR DATA SCIENTIST','RETAIL',1,'COLOMBIA','SOUTH AMERICA');
/*!40000 ALTER TABLE `data_science_team` ENABLE KEYS */;
UNLOCK TABLES;

--
-- Table structure for table `emp_record_table`
--

DROP TABLE IF EXISTS `emp_record_table`;
/*!40101 SET @saved_cs_client     = @@character_set_client */;
/*!40101 SET character_set_client = utf8mb4 */;
CREATE TABLE `emp_record_table` (
  `EMP_ID` varchar(25) NOT NULL,
  `FIRST_NAME` varchar(30) DEFAULT NULL,
  `LAST_NAME` text,
  `GENDER` text,
  `ROLE` text,
  `DEPT` text,
  `EXP` int DEFAULT NULL,
  `COUNTRY` text,
  `CONTINENT` text,
  `SALARY` int DEFAULT NULL,
  `EMP_RATING` int DEFAULT NULL,
  `MANAGER_ID` text,
  `PROJ_ID` varchar(25) DEFAULT NULL,
  PRIMARY KEY (`EMP_ID`),
  CONSTRAINT fk_employee_ds
        FOREIGN KEY (`EMP_ID`)
        REFERENCES data_science_team(EMP_ID)
        ON DELETE SET NULL
        ON UPDATE CASCADE,
  KEY `firstname_idx` (`FIRST_NAME`)
) ENGINE=InnoDB DEFAULT CHARSET=utf8mb4 COLLATE=utf8mb4_0900_ai_ci;
/*!40101 SET character_set_client = @saved_cs_client */;

--
-- Dumping data for table `emp_record_table`
--

LOCK TABLES `emp_record_table` WRITE;
/*!40000 ALTER TABLE `emp_record_table` DISABLE KEYS */;
INSERT INTO `emp_record_table` VALUES ('E001','Arthur','Black','M','PRESIDENT','ALL',20,'USA','NORTH AMERICA',16500,5,NULL,NULL),('E005','Eric','Hoffman','M','LEAD DATA SCIENTIST','FINANCE',11,'USA','NORTH AMERICA',8500,3,'E103','P105'),('E010','William','Butler','M','LEAD DATA SCIENTIST','AUTOMOTIVE',12,'FRANCE','EUROPE',9000,2,'E428','P204'),('E052','Dianna','Wilson','F','SENIOR DATA SCIENTIST','HEALTHCARE',6,'CANADA','NORTH AMERICA',5500,5,'E083','P103'),('E057','Dorothy','Wilson','F','SENIOR DATA SCIENTIST','HEALTHCARE',9,'USA','NORTH AMERICA',7700,1,'E083','P302'),('E083','Patrick','Voltz','M','MANAGER','HEALTHCARE',15,'USA','NORTH AMERICA',9500,5,'E001',NULL),('E103','Emily','Grove','F','MANAGER','FINANCE',14,'CANADA','NORTH AMERICA',10500,4,'E001',NULL),('E204','Karene','Nowak','F','SENIOR DATA SCIENTIST','AUTOMOTIVE',8,'GERMANY','EUROPE',7500,5,'E428','P204'),('E245','Nian','Zhen','M','SENIOR DATA SCIENTIST','RETAIL',6,'CHINA','ASIA',6500,2,'E583','P109'),('E260','Roy','Collins','M','SENIOR DATA SCIENTIST','RETAIL',7,'INDIA','ASIA',7000,3,'E583','NA'),('E403','Steve','Hoffman','M','ASSOCIATE DATA SCIENTIST','FINANCE',4,'USA','NORTH AMERICA',5000,3,'E103','P105'),('E428','Pete','Allen','M','MANAGER','AUTOMOTIVE',14,'GERMANY','EUROPE',11000,4,'E001',NULL),('E478','David','Smith','M','ASSOCIATE DATA SCIENTIST','RETAIL',3,'COLOMBIA','SOUTH AMERICA',4000,4,'E583','P109'),('E505','Chad','Wilson','M','ASSOCIATE DATA SCIENTIST','HEALTHCARE',5,'CANADA','NORTH AMERICA',5000,2,'E083','P103'),('E532','Claire','Brennan','F','ASSOCIATE DATA SCIENTIST','AUTOMOTIVE',3,'GERMANY','EUROPE',4300,1,'E428','P204'),('E583','Janet','Hale','F','MANAGER','RETAIL',14,'COLOMBIA','SOUTH AMERICA',10000,2,'E001',NULL),('E612','Tracy','Norris','F','MANAGER','RETAIL',13,'INDIA','ASIA',8500,4,'E001',NULL),('E620','Katrina','Allen','F','JUNIOR DATA SCIENTIST','RETAIL',2,'INDIA','ASIA',3000,1,'E612','P406'),('E640','Jenifer','Jhones','F','JUNIOR DATA SCIENTIST','RETAIL',1,'COLOMBIA','SOUTH AMERICA',2800,4,'E612','P406');
/*!40000 ALTER TABLE `emp_record_table` ENABLE KEYS */;
UNLOCK TABLES;

--
-- Temporary table structure for view `high_salary_employees`
--

DROP TABLE IF EXISTS `high_salary_employees`;
/*!50001 DROP VIEW IF EXISTS `high_salary_employees`*/;
SET @saved_cs_client     = @@character_set_client;
SET character_set_client = utf8mb4;
/*!50001 CREATE VIEW `high_salary_employees` AS SELECT
 1 AS `EMP_ID`,
  1 AS `FIRST_NAME`,
  1 AS `LAST_NAME`,
  1 AS `GENDER`,
  1 AS `ROLE`,
  1 AS `EXP`,
  1 AS `DEPT`,
  1 AS `SALARY`,
  1 AS `COUNTRY` */;
SET character_set_client = @saved_cs_client;

--
-- Table structure for table `proj_table`
--

DROP TABLE IF EXISTS `proj_table`;
/*!40101 SET @saved_cs_client     = @@character_set_client */;
/*!40101 SET character_set_client = utf8mb4 */;
CREATE TABLE `proj_table` (
  `PROJECT_ID` varchar(25) NOT NULL,
  `PROJ_NAME` text,
  `DOMAIN` text,
  `START _DATE` text,
  `CLOSURE_DATE` text,
  `DEV_QTR` text,
  `STATUS` text,
  PRIMARY KEY (`PROJECT_ID`),
  CONSTRAINT fk_project
        FOREIGN KEY (`PROJECT_ID`)
        REFERENCES emp_record_table(PROJ_ID)
        ON DELETE SET NULL
        ON UPDATE CASCADE
) ENGINE=InnoDB DEFAULT CHARSET=utf8mb4 COLLATE=utf8mb4_0900_ai_ci;
/*!40101 SET character_set_client = @saved_cs_client */;

--
-- Dumping data for table `proj_table`
--

LOCK TABLES `proj_table` WRITE;
/*!40000 ALTER TABLE `proj_table` DISABLE KEYS */;
INSERT INTO `proj_table` VALUES ('P103','Drug Discovery','HEALTHCARE','04-06-2021','6/20/2021','Q1','DONE'),('P105','Fraud Detection','FINANCE','04-11-2021','6/25/2021','Q1','DONE'),('P109','Market Basket Analysis','RETAIL','04-12-2021','6/30/2021','Q1','DELAYED'),('P204','Supply Chain Management','AUTOMOTIVE','07/15/2021','9/28/2021','Q2','WIP'),('P302','Early Detection of Lung Cancer','HEALTHCARE','10-08-2021','12/18/2021','Q3','YTS'),('P406','Customer Sentiment Analysis','RETAIL','07-09-2021','9/24/2021','Q2','WIP');
/*!40000 ALTER TABLE `proj_table` ENABLE KEYS */;
UNLOCK TABLES;

--
-- Final view structure for view `high_salary_employees`
--

/*!50001 DROP VIEW IF EXISTS `high_salary_employees`*/;
/*!50001 SET @saved_cs_client          = @@character_set_client */;
/*!50001 SET @saved_cs_results         = @@character_set_results */;
/*!50001 SET @saved_col_connection     = @@collation_connection */;
/*!50001 SET character_set_client      = utf8mb4 */;
/*!50001 SET character_set_results     = utf8mb4 */;
/*!50001 SET collation_connection      = utf8mb4_unicode_ci */;
/*!50001 CREATE ALGORITHM=UNDEFINED */
/*!50013 DEFINER=`root`@`%` SQL SECURITY DEFINER */
/*!50001 VIEW `high_salary_employees` AS select `emp_record_table`.`EMP_ID` AS `EMP_ID`,`emp_record_table`.`FIRST_NAME` AS `FIRST_NAME`,`emp_record_table`.`LAST_NAME` AS `LAST_NAME`,`emp_record_table`.`GENDER` AS `GENDER`,`emp_record_table`.`ROLE` AS `ROLE`,`emp_record_table`.`EXP` AS `EXP`,`emp_record_table`.`DEPT` AS `DEPT`,`emp_record_table`.`SALARY` AS `SALARY`,`emp_record_table`.`COUNTRY` AS `COUNTRY` from `emp_record_table` where (`emp_record_table`.`SALARY` > 6000) */;
/*!50001 SET character_set_client      = @saved_cs_client */;
/*!50001 SET character_set_results     = @saved_cs_results */;
/*!50001 SET collation_connection      = @saved_col_connection */;
/*!40103 SET TIME_ZONE=@OLD_TIME_ZONE */;

/*!40101 SET SQL_MODE=@OLD_SQL_MODE */;
/*!40014 SET FOREIGN_KEY_CHECKS=@OLD_FOREIGN_KEY_CHECKS */;
/*!40014 SET UNIQUE_CHECKS=@OLD_UNIQUE_CHECKS */;
/*!40101 SET CHARACTER_SET_CLIENT=@OLD_CHARACTER_SET_CLIENT */;
/*!40101 SET CHARACTER_SET_RESULTS=@OLD_CHARACTER_SET_RESULTS */;
/*!40101 SET COLLATION_CONNECTION=@OLD_COLLATION_CONNECTION */;
/*!40111 SET SQL_NOTES=@OLD_SQL_NOTES */;

-- Dump completed on 2025-06-01  2:25:02